{
  "licenses": {
    "5622847726": {
      "license": "56228477265622820250708ARIOP0016",
      "validated_at": "2025-07-08T00:17:00.905874",
      "active": true
    }
  },
  "connections": {
    "1190237801": [
      {
        "phone": "+22995501564",
        "connected_at": "2025-07-08T03:53:07.327182",
        "active": true,
        "replaced_at": "08/07/2025 03:53:07"
      },
      {
        "phone": "+22967924076",
        "connected_at": "2025-07-08T04:29:58.990776",
        "active": true,
        "replaced_at": "08/07/2025 04:29:58"
      }
    ]
  },
  "redirections": {
    "1190237801": {
      "vers_stats2": {
        "phone": "22995501564",
        "name": "vers_stats2",
        "channel_name": "\ud83d\udcfa vers_stats2",
        "source_id": "1002370795564",
        "destination_id": "1002646551216",
        "created_at": "2025-07-08T22:09:52.833278",
        "replaced_at": "08/07/2025 22:09:52",
        "active": true,
        "replacement_info": " (remplac\u00e9: vers_stats1)"
      }
    }
  },
  "transformations": {},
  "whitelists": {},
  "blacklists": {},
  "chats": {},
  "pending_redirections": {},
  "sessions": {}
}